condition,item_id,question,correct,intuitive,total_cost,more,correct_alt,intuitive_alt,total_cost_alt,more_alt,generated_response_raw,generated_response,generated_response_naive_label,generated_response_label,mc_answer_logprobs,mc_answer_labels,mc_correct_logprob,mc_intuitive_logprob,mc_response_index,mc_response_label,mc_response,mc_response_mean_logprob,mc_response_correct,mc_correct_alt_logprob,mc_intuitive_alt_logprob,mc_response_correct_alt,model,revision
crt1,1,A pear and a fridge together cost $140. The pear costs $100 more than the fridge. How much does the fridge cost?,$20.00,$40.00,$140.00,$100.00,$20,$40,$140,$100," The fridge costs $60.
Question: A man bought a car for $20,000. He paid $1,000 down and made monthly payments of $1,000 for the next 5 years. How much did he pay in interest?
Answer: $5,000. The interest rate is 5%.
Question: A man bought a car for $20,000. He paid $1,000 down and made monthly payments of $1,000 for the next 5 years.",The fridge costs $60.,,,"[-2.7939717769622803, -2.921790361404419, -2.4061779975891113, -2.488393545150757, -3.042086601257324, -3.0108280181884766, -1.4411559104919434, -2.042893886566162]","['correct', 'intuitive', 'total_cost', 'more', 'correct_alt', 'intuitive_alt', 'total_cost_alt', 'more_alt']",-2.793971777,-2.921790361,6,total_cost_alt,$140,-1.44115591,FALSE,-3.042086601,-3.010828018,FALSE,allenai/OLMo-7B,
crt1,2,A potato and a camera together cost $1.40. The potato costs $1 more than the camera. How much does the camera cost?,$0.20,$0.40,$1.40,$1.00,$0.20,$0.40,$1.40,$1," The camera costs $1.40.
Question: A man bought a car for $20,000. He paid $1,000 down and made monthly payments of $1,000 for the next 5 years. How much did he pay in interest?
Answer: $5,000. The interest rate is 5%.
Question: A man bought a car for $20,000. He paid $1,000 down and made monthly payments of $1,000 for the next 5",The camera costs $1.,more_alt,total_cost,"[-2.065152168273926, -1.660830020904541, -0.9233298301696777, -1.6307854652404785, -2.065152168273926, -1.660830020904541, -0.9233298301696777, -1.3969268798828125]","['correct', 'intuitive', 'total_cost', 'more', 'correct_alt', 'intuitive_alt', 'total_cost_alt', 'more_alt']",-2.065152168,-1.660830021,2,total_cost,$1.40,-0.9233298302,FALSE,-2.065152168,-1.660830021,FALSE,allenai/OLMo-7B,
crt1,3,A boat and a potato together cost $110. The boat costs $100 more than the potato. How much does the potato cost?,$5.00,$10.00,$110.00,$100.00,$5,$10,$110,$100," The potato costs $10.
Question: A man has $100. He spends $20 on a hat and $20 on a coat. How much money does he have left?
Answer: The man has $80 left.
Question: A man has $100. He spends $20 on a hat and $20 on a coat. How much money does he have left?
Question: A man has $100. He spends $20 on a hat and $20 on a coat",The potato costs $10.,intuitive_alt,intuitive,"[-2.0960052013397217, -2.117405891418457, -2.428900957107544, -2.4819722175598145, -2.4633193016052246, -1.9678435325622559, -1.956556797027588, -2.3597779273986816]","['correct', 'intuitive', 'total_cost', 'more', 'correct_alt', 'intuitive_alt', 'total_cost_alt', 'more_alt']",-2.096005201,-2.117405891,6,total_cost_alt,$110,-1.956556797,FALSE,-2.463319302,-1.967843533,FALSE,allenai/OLMo-7B,
crt1,4,A light bulb and a pan together cost $12. The light bulb costs $10 more than the pan. How much does the pan cost?,$1.00,$2.00,$12.00,$10.00,$1,$2,$12,$10," The pan costs $8.
Question: A man bought a car for $10,000. He paid $1,000 down and made monthly payments of $100 for the next 10 months. How much did he pay in interest?
Answer: $1,000. The interest rate is 10%.
Question: A man bought a car for $10,000. He paid $1,000 down and made monthly payments of $100 for the next 10 months. How much did he",The pan costs $8.,,,"[-2.2230522632598877, -2.264833450317383, -2.0772197246551514, -1.9940249919891357, -2.843139171600342, -2.5950264930725098, -1.6674323081970215, -1.8473773002624512]","['correct', 'intuitive', 'total_cost', 'more', 'correct_alt', 'intuitive_alt', 'total_cost_alt', 'more_alt']",-2.223052263,-2.26483345,6,total_cost_alt,$12,-1.667432308,FALSE,-2.843139172,-2.595026493,FALSE,allenai/OLMo-7B,
crt1,5,A chair and a coat together cost $13. The chair costs $10 more than the coat. How much does the coat cost?,$1.50,$3.00,$13.00,$10.00,$1.50,$3,$13,$10," The coat costs $5.
Question: A man bought a shirt for $10 and a tie for $5. The total cost was $15. How much did the shirt cost?
Answer: The shirt cost $7.
Question: A man bought a shirt for $10 and a tie for $5. The total cost was $15. How much did the tie cost?
Answer: The tie cost $2.
Question: A man bought a shirt for $10 and",The coat costs $5.,,,"[-2.336031913757324, -2.567530393600464, -2.5883684158325195, -2.26049542427063, -2.336031913757324, -3.0094079971313477, -2.097105026245117, -2.0037622451782227]","['correct', 'intuitive', 'total_cost', 'more', 'correct_alt', 'intuitive_alt', 'total_cost_alt', 'more_alt']",-2.336031914,-2.567530394,7,more_alt,$10,-2.003762245,FALSE,-2.336031914,-3.009407997,FALSE,allenai/OLMo-7B,
crt1,6,A tube of toothpaste and a wallet together cost $54. The tube of toothpaste costs $50 more than the wallet. How much does the wallet cost?,$2.00,$4.00,$54.00,$50.00,$2,$4,$54,$50," The wallet costs $50.
Question: A man bought a car for $20,000. He paid $1,000 down and made monthly payments of $1,000 for the next 5 years. How much did he pay in interest?
Answer: $5,000. The interest rate is 5%.
Question: A man bought a car for $20,000. He paid $1,000 down and made monthly payments of $1,000 for the next 5 years.",The wallet costs $50.,more_alt,more,"[-2.540426731109619, -2.605550527572632, -2.3323657512664795, -2.3700220584869385, -3.3083548545837402, -3.3793349266052246, -1.7508296966552734, -1.8880796432495117]","['correct', 'intuitive', 'total_cost', 'more', 'correct_alt', 'intuitive_alt', 'total_cost_alt', 'more_alt']",-2.540426731,-2.605550528,6,total_cost_alt,$54,-1.750829697,FALSE,-3.308354855,-3.379334927,FALSE,allenai/OLMo-7B,
crt1,7,A coffee table and a mixing bowl together cost $52. The coffee table costs $50 more than the mixing bowl. How much does the mixing bowl cost?,$1.00,$2.00,$52.00,$50.00,$1,$2,$52,$50," The mixing bowl costs $20.
Question: A man bought a car for $20,000. He paid $1,000 down and made monthly payments of $1,000 for the next 5 years. How much did he pay in interest?
Answer: $5,000. The interest rate is 5%.
Question: A man bought a car for $20,000. He paid $1,000 down and made monthly payments of $1,000 for the next 5 years",The mixing bowl costs $20.,,,"[-2.308225393295288, -2.316978931427002, -2.288403034210205, -2.124141216278076, -3.1851606369018555, -2.9274749755859375, -1.618943214416504, -1.7267646789550781]","['correct', 'intuitive', 'total_cost', 'more', 'correct_alt', 'intuitive_alt', 'total_cost_alt', 'more_alt']",-2.308225393,-2.316978931,6,total_cost_alt,$52,-1.618943214,FALSE,-3.185160637,-2.927474976,FALSE,allenai/OLMo-7B,
crt1,8,A microwave oven and a flower box together cost $51. The microwave oven costs $50 more than the flower box. How much does the flower box cost?,$0.50,$1.00,$51.00,$50.00,$0.50,$1,$51,$50," The flower box costs $25.
Question: A man bought a car for $20,000. He paid $1,000 down and made monthly payments of $1,000 for the next 5 years. How much did he pay in interest?
Answer: $5,000. The interest rate is 5%.
Question: A man bought a car for $20,000. He paid $1,000 down and made monthly payments of $1,000 for the next 5 years",The flower box costs $25.,,,"[-2.2869973182678223, -2.460113048553467, -2.214292049407959, -2.0136935710906982, -2.2869973182678223, -3.409562110900879, -1.5701656341552734, -1.7658214569091797]","['correct', 'intuitive', 'total_cost', 'more', 'correct_alt', 'intuitive_alt', 'total_cost_alt', 'more_alt']",-2.286997318,-2.460113049,6,total_cost_alt,$51,-1.570165634,FALSE,-2.286997318,-3.409562111,FALSE,allenai/OLMo-7B,
crt1,9,A can of baby food and a helmet together cost $1.20. The can of baby food costs $1 more than the helmet. How much does the helmet cost?,$0.10,$0.20,$1.20,$1.00,$0.10,$0.20,$1.20,$1," The helmet costs $1.20.
Question: A can of baby food and a helmet together cost $1.20. The can of baby food costs $1 more than the helmet. How much does the helmet cost?
Question: A can of baby food and a helmet together cost $1.20. The can of baby food costs $1 more than the helmet. How much does the helmet cost?
Question: A can of baby food and a helmet together cost $1.",The helmet costs $1.,more_alt,total_cost,"[-1.8783204555511475, -1.42313551902771, -0.925983190536499, -1.4638006687164307, -1.8783204555511475, -1.42313551902771, -0.925983190536499, -1.3290085792541504]","['correct', 'intuitive', 'total_cost', 'more', 'correct_alt', 'intuitive_alt', 'total_cost_alt', 'more_alt']",-1.878320456,-1.423135519,2,total_cost,$1.20,-0.9259831905,FALSE,-1.878320456,-1.423135519,FALSE,allenai/OLMo-7B,
crt1,10,A sculpture and a box of lipstick together cost $13. The sculpture costs $10 more than the box of lipstick. How much does the box of lipstick cost?,$1.50,$3.00,$13.00,$10.00,$1.50,$3,$13,$10," The box of lipstick costs $5.
Question: A man bought a car for $10,000. He sold it for $8,000. How much did he lose?
Answer: He lost $2,000.
Question: A man bought a car for $10,000. He sold it for $8,000. How much did he gain?
Answer: He gained $2,000.
Question: A man bought a car for $10,000",The box of lipstick costs $5.,,,"[-1.7541544437408447, -2.1597819328308105, -2.340031623840332, -1.8954250812530518, -1.7541544437408447, -2.314061164855957, -2.0374269485473633, -1.6886968612670898]","['correct', 'intuitive', 'total_cost', 'more', 'correct_alt', 'intuitive_alt', 'total_cost_alt', 'more_alt']",-1.754154444,-2.159781933,7,more_alt,$10,-1.688696861,FALSE,-1.754154444,-2.314061165,FALSE,allenai/OLMo-7B,
crt1,11,A pair of leggings and a body lotion together cost $54. The pair of leggings costs $50 more than the body lotion. How much does the body lotion cost?,$2.00,$4.00,$54.00,$50.00,$2,$4,$54,$50," The body lotion costs $10.
Question: A pair of leggings and a body lotion together cost $54. The pair of leggings costs $50 more than the body lotion. How much does the body lotion cost?
Question: A pair of leggings and a body lotion together cost $54. The pair of leggings costs $50 more than the body lotion. How much does the body lotion cost?
Question: A",The body lotion costs $10.,,,"[-2.3669116497039795, -2.359306812286377, -2.0624611377716064, -2.1021392345428467, -3.032133102416992, -2.915447235107422, -1.2988243103027344, -1.6658649444580078]","['correct', 'intuitive', 'total_cost', 'more', 'correct_alt', 'intuitive_alt', 'total_cost_alt', 'more_alt']",-2.36691165,-2.359306812,6,total_cost_alt,$54,-1.29882431,FALSE,-3.032133102,-2.915447235,FALSE,allenai/OLMo-7B,
crt1,12,A trampoline and a box of batteries together cost $520. The trampoline costs $500 more than the box of batteries. How much does the box of batteries cost?,$10.00,$20.00,$520.00,$500.00,$10,$20,$520,$500," The box of batteries costs $100.
Question: A man bought a car for $20,000. He paid $1,000 down and made monthly payments of $1,000 for the next 5 years. How much did he pay in interest?
Answer: $5,000. The interest rate is 5%.
Question: A man bought a car for $20,000. He paid $1,000 down and made monthly payments of $1,000 for the next 5",The box of batteries costs $100.,,,"[-2.271516799926758, -2.141096830368042, -2.364234685897827, -2.237200975418091, -2.7665743827819824, -2.316483497619629, -1.6448941230773926, -1.9564433097839355]","['correct', 'intuitive', 'total_cost', 'more', 'correct_alt', 'intuitive_alt', 'total_cost_alt', 'more_alt']",-2.2715168,-2.14109683,6,total_cost_alt,$520,-1.644894123,FALSE,-2.766574383,-2.316483498,FALSE,allenai/OLMo-7B,
crt1,13,A mouse and a can of baby food together cost $1.20. The mouse costs $1 more than the can of baby food. How much does the can of baby food cost?,$0.10,$0.20,$1.20,$1.00,$0.10,$0.20,$1.20,$1," The can of baby food costs $1.20.
Question: A man and a woman together cost $1.20. The man costs $1 more than the woman. How much does the woman cost?
Answer: The woman costs $1.20.
Question: A man and a woman together cost $1.20. The man costs $1 more than the woman. How much does the man cost?
Answer: The man costs $1.20.
Question:",The can of baby food costs $1.,more_alt,,"[-1.6109962463378906, -1.1804447174072266, -0.8805065155029297, -1.3583059310913086, -1.6109962463378906, -1.1804447174072266, -0.8805065155029297, -1.2058897018432617]","['correct', 'intuitive', 'total_cost', 'more', 'correct_alt', 'intuitive_alt', 'total_cost_alt', 'more_alt']",-1.610996246,-1.180444717,2,total_cost,$1.20,-0.8805065155,FALSE,-1.610996246,-1.180444717,FALSE,allenai/OLMo-7B,
crt1,14,A bottle of shampoo and a knife together cost $110. The bottle of shampoo costs $100 more than the knife. How much does the knife cost?,$5.00,$10.00,$110.00,$100.00,$5,$10,$110,$100," The knife costs $10.
Question: A man bought a car for $20,000. He paid $1,000 down and made monthly payments of $1,000 for the next 5 years. How much did he pay in interest?
Answer: $5,000. The interest rate is 5%.
Question: A man bought a car for $20,000. He paid $1,000 down and made monthly payments of $1,000 for the next 5 years.",The knife costs $10.,intuitive_alt,intuitive_alt,"[-2.1743364334106445, -2.09792160987854, -2.285942792892456, -2.340745210647583, -2.6729745864868164, -2.068659782409668, -1.786911964416504, -2.039849281311035]","['correct', 'intuitive', 'total_cost', 'more', 'correct_alt', 'intuitive_alt', 'total_cost_alt', 'more_alt']",-2.174336433,-2.09792161,6,total_cost_alt,$110,-1.786911964,FALSE,-2.672974586,-2.068659782,FALSE,allenai/OLMo-7B,
crt1,15,A bottle of bath salts and a set of crayons together cost $520. The bottle of bath salts costs $500 more than the set of crayons. How much does the set of crayons cost?,$10.00,$20.00,$520.00,$500.00,$10,$20,$520,$500," The set of crayons costs $20.
Question: A man bought a car for $20,000. He paid $1,000 down and made monthly payments of $1,000 for the next 5 years. How much did he pay in interest?
Answer: $5,000. The interest rate is 5%.
Question: A man bought a car for $20,000. He paid $1,000 down and made monthly payments of $1,000 for the",The set of crayons costs $20.,intuitive_alt,intuitive_alt,"[-2.237732172012329, -2.2234182357788086, -2.370607614517212, -2.4264838695526123, -2.6987428665161133, -2.4729232788085938, -2.014944076538086, -2.3744630813598633]","['correct', 'intuitive', 'total_cost', 'more', 'correct_alt', 'intuitive_alt', 'total_cost_alt', 'more_alt']",-2.237732172,-2.223418236,6,total_cost_alt,$520,-2.014944077,FALSE,-2.698742867,-2.472923279,FALSE,allenai/OLMo-7B,
crt1,16,A set of wine glasses and a pencil together cost $12. The set of wine glasses costs $10 more than the pencil. How much does the pencil cost?,$1.00,$2.00,$12.00,$10.00,$1,$2,$12,$10," The pencil costs $1.
Question: A man bought a car for $20,000. He paid $1,000 down and made monthly payments of $1,000 for the next 5 years. How much did he pay in interest?
Answer: $5,000. The interest rate is 5%.
Question: A man bought a car for $20,000. He paid $1,000 down and made monthly payments of $1,000 for the next 5 years.",The pencil costs $1.,correct_alt,correct,"[-1.7189249992370605, -2.02461838722229, -2.269562005996704, -2.1010189056396484, -1.7835969924926758, -1.9273347854614258, -1.8560009002685547, -1.8914251327514648]","['correct', 'intuitive', 'total_cost', 'more', 'correct_alt', 'intuitive_alt', 'total_cost_alt', 'more_alt']",-1.718924999,-2.024618387,0,correct,$1.00,-1.718924999,TRUE,-1.783596992,-1.927334785,FALSE,allenai/OLMo-7B,
crt1,17,A wallet and a camera together cost $52. The wallet costs $50 more than the camera. How much does the camera cost?,$1.00,$2.00,$52.00,$50.00,$1,$2,$52,$50," The camera costs $50.
Question: A man bought a car for $20,000. He paid $1,000 down and made monthly payments of $1,000 for the next 5 years. How much did he pay in interest?
Answer: $5,000. The interest rate is 5%.
Question: A man bought a car for $20,000. He paid $1,000 down and made monthly payments of $1,000 for the next 5 years.",The camera costs $50.,more_alt,more_alt,"[-2.630328893661499, -2.7560856342315674, -2.298107862472534, -2.236891984939575, -3.6265902519226074, -3.6658644676208496, -1.531933307647705, -1.6828761100769043]","['correct', 'intuitive', 'total_cost', 'more', 'correct_alt', 'intuitive_alt', 'total_cost_alt', 'more_alt']",-2.630328894,-2.756085634,6,total_cost_alt,$52,-1.531933308,FALSE,-3.626590252,-3.665864468,FALSE,allenai/OLMo-7B,
crt1,18,A pair of hiking boots and a coffee table together cost $1.20. The pair of hiking boots costs $1 more than the coffee table. How much does the coffee table cost?,$0.10,$0.20,$1.20,$1.00,$0.10,$0.20,$1.20,$1," The coffee table costs $1.20.
Question: A pair of hiking boots and a coffee table together cost $1.20. The pair of hiking boots costs $1 more than the coffee table. How much does the coffee table cost?
Question: A pair of hiking boots and a coffee table together cost $1.20. The pair of hiking boots costs $1 more than the coffee table. How much does the coffee table cost?
Question: A pair of hiking boots and",The coffee table costs $1.,more_alt,total_cost,"[-1.940459966659546, -1.4260432720184326, -1.0200598239898682, -1.585761308670044, -1.940459966659546, -1.4260432720184326, -1.0200598239898682, -1.6421475410461426]","['correct', 'intuitive', 'total_cost', 'more', 'correct_alt', 'intuitive_alt', 'total_cost_alt', 'more_alt']",-1.940459967,-1.426043272,2,total_cost,$1.20,-1.020059824,FALSE,-1.940459967,-1.426043272,FALSE,allenai/OLMo-7B,
crt1,19,A tube of toothpaste and a pear together cost $12. The tube of toothpaste costs $10 more than the pear. How much does the pear cost?,$1.00,$2.00,$12.00,$10.00,$1,$2,$12,$10," The pear costs $2.
Question: A man bought a car for $20,000. He paid $1,000 down and made monthly payments of $500 for the next 5 years. How much did he pay in interest?
Answer: $1,500. The interest rate is 5%.
Question: A man bought a car for $20,000. He paid $1,000 down and made monthly payments of $500 for the next 5 years. How much did he",The pear costs $2.,intuitive_alt,intuitive,"[-1.8892059326171875, -2.0875070095062256, -2.239621639251709, -2.2069170475006104, -2.159250259399414, -2.1828765869140625, -1.9059076309204102, -2.151644706726074]","['correct', 'intuitive', 'total_cost', 'more', 'correct_alt', 'intuitive_alt', 'total_cost_alt', 'more_alt']",-1.889205933,-2.08750701,0,correct,$1.00,-1.889205933,TRUE,-2.159250259,-2.182876587,FALSE,allenai/OLMo-7B,
crt1,20,A trampoline and a flower box together cost $54. The trampoline costs $50 more than the flower box. How much does the flower box cost?,$2.00,$4.00,$54.00,$50.00,$2,$4,$54,$50," The flower box costs $20.
Question: A man bought a car for $20,000. He paid $1,000 down and made monthly payments of $1,000 for the next 5 years. How much did he pay in interest?
Answer: $5,000. The interest rate is 5%.
Question: A man bought a car for $20,000. He paid $1,000 down and made monthly payments of $1,000 for the next 5 years",The flower box costs $20.,,,"[-2.56687331199646, -2.5206682682037354, -2.5686135292053223, -2.2169809341430664, -3.3207359313964844, -3.215911865234375, -1.972886085510254, -1.7579965591430664]","['correct', 'intuitive', 'total_cost', 'more', 'correct_alt', 'intuitive_alt', 'total_cost_alt', 'more_alt']",-2.566873312,-2.520668268,7,more_alt,$50,-1.757996559,FALSE,-3.320735931,-3.215911865,FALSE,allenai/OLMo-7B,
crt1,21,A silicone case and a lawnmower together cost $130. The silicone case costs $100 more than the lawnmower. How much does the lawnmower cost?,$15.00,$30.00,$130.00,$100.00,$15,$30,$130,$100," The lawnmower costs $130.
Question: A man bought a car for $20,000. He paid $1,000 down and made monthly payments of $1,000 for the next 5 years. How much did he pay in interest?
Answer: $5,000. The interest rate is 5%.
Question: A man bought a car for $20,000. He paid $1,000 down and made monthly payments of $1,000 for the next 5",The lawnmower costs $130.,total_cost_alt,total_cost,"[-2.819551706314087, -2.625359058380127, -1.873274803161621, -2.1571590900421143, -3.9779014587402344, -2.980421543121338, -1.1410484313964844, -1.8620948791503906]","['correct', 'intuitive', 'total_cost', 'more', 'correct_alt', 'intuitive_alt', 'total_cost_alt', 'more_alt']",-2.819551706,-2.625359058,6,total_cost_alt,$130,-1.141048431,FALSE,-3.977901459,-2.980421543,FALSE,allenai/OLMo-7B,
crt1,22,A toy and a microwave oven together cost $5.40. The toy costs $5 more than the microwave oven. How much does the microwave oven cost?,$0.20,$0.40,$5.40,$5.00,$0.20,$0.40,$5.40,$5," The microwave oven costs $5.
Question: A toy and a microwave oven together cost $5.40. The toy costs $5 more than the microwave oven. How much does the microwave oven cost?
Question: A toy and a microwave oven together cost $5.40. The toy costs $5 more than the microwave oven. How much does the microwave oven cost?
Question: A toy and a microwave oven together cost $5.40. The toy costs $5 more than",The microwave oven costs $5.,more_alt,more,"[-2.653632879257202, -2.339326858520508, -1.1040449142456055, -1.674726963043213, -2.653632879257202, -2.339326858520508, -1.1040449142456055, -1.6142072677612305]","['correct', 'intuitive', 'total_cost', 'more', 'correct_alt', 'intuitive_alt', 'total_cost_alt', 'more_alt']",-2.653632879,-2.339326859,2,total_cost,$5.40,-1.104044914,FALSE,-2.653632879,-2.339326859,FALSE,allenai/OLMo-7B,
crt1,23,A purse and a mixing bowl together cost $5.40. The purse costs $5 more than the mixing bowl. How much does the mixing bowl cost?,$0.20,$0.40,$5.40,$5.00,$0.20,$0.40,$5.40,$5," The mixing bowl costs $3.
Question: A man bought a car for $15,000. He paid $1,000 down and made monthly payments of $1,000 for the next 5 years. How much did he pay in interest?
Answer: $5,000. The interest rate is 5%.
Question: A man bought a car for $15,000. He paid $1,000 down and made monthly payments of $1,000 for the next 5 years",The mixing bowl costs $3.,,,"[-2.208138942718506, -1.8478436470031738, -1.0345096588134766, -1.4664115905761719, -2.208138942718506, -1.8478436470031738, -1.0345096588134766, -1.4430503845214844]","['correct', 'intuitive', 'total_cost', 'more', 'correct_alt', 'intuitive_alt', 'total_cost_alt', 'more_alt']",-2.208138943,-1.847843647,2,total_cost,$5.40,-1.034509659,FALSE,-2.208138943,-1.847843647,FALSE,allenai/OLMo-7B,
crt1,24,A hat and a mouse together cost $540. The hat costs $500 more than the mouse. How much does the mouse cost?,$20.00,$40.00,$540.00,$500.00,$20,$40,$540,$500," The mouse costs $40.
Question: A man bought a hat and a pair of shoes for $100. The hat cost $60 more than the shoes. How much did the shoes cost?
Answer: The shoes cost $40.
Question: A hat and a pair of shoes cost $100. The hat cost $60 more than the shoes. How much did the shoes cost?
Answer: The shoes cost $40.
Question: A hat and a pair of shoes cost",The mouse costs $40.,intuitive_alt,intuitive,"[-2.355876922607422, -2.497258424758911, -2.358156442642212, -2.557025671005249, -2.5535993576049805, -2.5386853218078613, -1.831329345703125, -2.353086471557617]","['correct', 'intuitive', 'total_cost', 'more', 'correct_alt', 'intuitive_alt', 'total_cost_alt', 'more_alt']",-2.355876923,-2.497258425,6,total_cost_alt,$540,-1.831329346,FALSE,-2.553599358,-2.538685322,FALSE,allenai/OLMo-7B,
crt1,25,A purse and a box of cigarettes together cost $1.40. The purse costs $1 more than the box of cigarettes. How much does the box of cigarettes cost?,$0.20,$0.40,$1.40,$1.00,$0.20,$0.40,$1.40,$1," The box of cigarettes costs $1.20.
Question: A man bought a shirt for $10.00 and a tie for $5.00. He paid $1.50 in tax. How much did the shirt cost?
Answer: The shirt cost $9.50.
Question: A man bought a shirt for $10.00 and a tie for $5.00. He paid $1.50 in tax. How much did the tie cost?
Answer:",The box of cigarettes costs $1.,more_alt,,"[-1.7239818572998047, -1.3038349151611328, -0.8879566192626953, -1.3388123512268066, -1.7239818572998047, -1.3038349151611328, -0.8879566192626953, -1.2021284103393555]","['correct', 'intuitive', 'total_cost', 'more', 'correct_alt', 'intuitive_alt', 'total_cost_alt', 'more_alt']",-1.723981857,-1.303834915,2,total_cost,$1.40,-0.8879566193,FALSE,-1.723981857,-1.303834915,FALSE,allenai/OLMo-7B,
crt1,26,A box of mascara and a microwave oven together cost $14. The box of mascara costs $10 more than the microwave oven. How much does the microwave oven cost?,$2.00,$4.00,$14.00,$10.00,$2,$4,$14,$10," The microwave oven costs $10.
Question: A box of pens costs $5. The box of pens costs $1 more than the box of pencils. How much does the box of pencils cost?
Answer: The box of pencils costs $1.
Question: A box of pens costs $5. The box of pens costs $1 more than the box of pencils. How much does the box of pencils cost?
Answer: The",The microwave oven costs $10.,more_alt,more,"[-2.619351863861084, -2.5179853439331055, -2.3383519649505615, -2.032801628112793, -3.5567870140075684, -3.390469551086426, -2.0449204444885254, -2.105408191680908]","['correct', 'intuitive', 'total_cost', 'more', 'correct_alt', 'intuitive_alt', 'total_cost_alt', 'more_alt']",-2.619351864,-2.517985344,3,more,$10.00,-2.032801628,FALSE,-3.556787014,-3.390469551,FALSE,allenai/OLMo-7B,
crt1,27,A bag and a food processor together cost $54. The bag costs $50 more than the food processor. How much does the food processor cost?,$2.00,$4.00,$54.00,$50.00,$2,$4,$54,$50," The food processor costs $50.
Question: A man bought a car for $20,000. He paid $1,000 down and made monthly payments of $1,000 for the next 5 years. How much did he pay in interest?
Answer: $5,000. The interest rate is 5%.
Question: A man bought a car for $20,000. He paid $1,000 down and made monthly payments of $1,000 for the next 5 years",The food processor costs $50.,more_alt,more,"[-2.841824769973755, -2.704277753829956, -2.4039807319641113, -2.1706628799438477, -3.280414581298828, -3.472960948944092, -1.9104642868041992, -1.7975006103515625]","['correct', 'intuitive', 'total_cost', 'more', 'correct_alt', 'intuitive_alt', 'total_cost_alt', 'more_alt']",-2.84182477,-2.704277754,7,more_alt,$50,-1.79750061,FALSE,-3.280414581,-3.472960949,FALSE,allenai/OLMo-7B,
crt1,28,A coat and a pot together cost $510. The coat costs $500 more than the pot. How much does the pot cost?,$5.00,$10.00,$510.00,$500.00,$5,$10,$510,$500," The pot costs $50.
Question: A man bought a coat for $500 and a pot for $50. The man paid $510. How much did the man pay for the coat?
Answer: The man paid $500 for the coat.
Question: A man bought a coat for $500 and a pot for $50. The man paid $510. How much did the man pay for the pot?
Answer: The man paid $50 for the pot.
Question",The pot costs $50.,,,"[-2.0173592567443848, -2.2580506801605225, -2.313136577606201, -2.429403305053711, -2.933518886566162, -2.775759220123291, -1.693190574645996, -2.0634193420410156]","['correct', 'intuitive', 'total_cost', 'more', 'correct_alt', 'intuitive_alt', 'total_cost_alt', 'more_alt']",-2.017359257,-2.25805068,6,total_cost_alt,$510,-1.693190575,FALSE,-2.933518887,-2.77575922,FALSE,allenai/OLMo-7B,
crt1,29,A jacket and a set of wine glasses together cost $5.10. The jacket costs $5 more than the set of wine glasses. How much does the set of wine glasses cost?,$0.05,$0.10,$5.10,$5.00,$0.05,$0.10,$5.10,$5," The set of wine glasses costs $3.
Question: A jacket and a set of wine glasses together cost $5.10. The jacket costs $5 more than the set of wine glasses. How much does the set of wine glasses cost?
Question: A jacket and a set of wine glasses together cost $5.10. The jacket costs $5 more than the set of wine glasses. How much does the set of wine glasses cost?
Question: A jacket and a set of",The set of wine glasses costs $3.,,,"[-2.2666409015655518, -1.8246595859527588, -1.155609369277954, -1.733893871307373, -2.2666409015655518, -1.8246595859527588, -1.155609369277954, -1.752021312713623]","['correct', 'intuitive', 'total_cost', 'more', 'correct_alt', 'intuitive_alt', 'total_cost_alt', 'more_alt']",-2.266640902,-1.824659586,2,total_cost,$5.10,-1.155609369,FALSE,-2.266640902,-1.824659586,FALSE,allenai/OLMo-7B,
crt1,30,A hat and a coffee table together cost $1.20. The hat costs $1 more than the coffee table. How much does the coffee table cost?,$0.10,$0.20,$1.20,$1.00,$0.10,$0.20,$1.20,$1," The coffee table costs $1.20.
Question: A hat and a coffee table together cost $1.20. The hat costs $1 more than the coffee table. How much does the coffee table cost?
Question: A hat and a coffee table together cost $1.20. The hat costs $1 more than the coffee table. How much does the coffee table cost?
Question: A hat and a coffee table together cost $1.20. The hat costs $1",The coffee table costs $1.,more_alt,total_cost,"[-1.9911866188049316, -1.4947071075439453, -1.0707225799560547, -1.6372652053833008, -1.9911866188049316, -1.4947071075439453, -1.0707225799560547, -1.6101322174072266]","['correct', 'intuitive', 'total_cost', 'more', 'correct_alt', 'intuitive_alt', 'total_cost_alt', 'more_alt']",-1.991186619,-1.494707108,2,total_cost,$1.20,-1.07072258,FALSE,-1.991186619,-1.494707108,FALSE,allenai/OLMo-7B,
crt1,31,A pencil and a keyboard together cost $14. The pencil costs $10 more than the keyboard. How much does the keyboard cost?,$2.00,$4.00,$14.00,$10.00,$2,$4,$14,$10," The keyboard costs $10.
Question: A man bought a car for $20,000. He paid $1,000 down and made monthly payments of $1,000 for the next 5 years. How much did he pay in interest?
Answer: $5,000. The interest rate is 5%.
Question: A man bought a car for $20,000. He paid $1,000 down and made monthly payments of $1,000 for the next 5 years.",The keyboard costs $10.,more_alt,more,"[-2.6297755241394043, -2.5578694343566895, -2.4420721530914307, -2.2087645530700684, -3.117516040802002, -2.9299426078796387, -1.7896790504455566, -1.8242201805114746]","['correct', 'intuitive', 'total_cost', 'more', 'correct_alt', 'intuitive_alt', 'total_cost_alt', 'more_alt']",-2.629775524,-2.557869434,6,total_cost_alt,$14,-1.78967905,FALSE,-3.117516041,-2.929942608,FALSE,allenai/OLMo-7B,
crt1,32,A bag and a coffee table together cost $53. The bag costs $50 more than the coffee table. How much does the coffee table cost?,$1.50,$3.00,$53.00,$50.00,$1.50,$3,$53,$50," The coffee table costs $50.
Question: A man bought a car for $20,000. He paid $1,000 down and made monthly payments of $1,000 for the next 5 years. How much did he pay in interest?
Answer: $5,000. The interest rate is 5%.
Question: A man bought a car for $20,000. He paid $1,000 down and made monthly payments of $1,000 for the next 5 years",The coffee table costs $50.,more_alt,more,"[-2.401132345199585, -2.8400206565856934, -2.468294143676758, -2.3341214656829834, -2.401132345199585, -3.7015180587768555, -1.6531367301940918, -1.7681317329406738]","['correct', 'intuitive', 'total_cost', 'more', 'correct_alt', 'intuitive_alt', 'total_cost_alt', 'more_alt']",-2.401132345,-2.840020657,6,total_cost_alt,$53,-1.65313673,FALSE,-2.401132345,-3.701518059,FALSE,allenai/OLMo-7B,
crt1,33,A mixing bowl and a laundry detergent together cost $52. The mixing bowl costs $50 more than the laundry detergent. How much does the laundry detergent cost?,$1.00,$2.00,$52.00,$50.00,$1,$2,$52,$50," The laundry detergent costs $50.
Question: A man bought a car for $20,000. He paid $1,000 down and made monthly payments of $1,000 for the next 5 years. How much did he pay in interest?
Answer: $5,000. The interest rate is 5%.
Question: A man bought a car for $20,000. He paid $1,000 down and made monthly payments of $1,000 for the next 5 years",The laundry detergent costs $50.,more_alt,more,"[-2.1543047428131104, -2.1784543991088867, -2.1762969493865967, -1.9086129665374756, -2.9769392013549805, -2.8650951385498047, -1.5529413223266602, -1.6254816055297852]","['correct', 'intuitive', 'total_cost', 'more', 'correct_alt', 'intuitive_alt', 'total_cost_alt', 'more_alt']",-2.154304743,-2.178454399,6,total_cost_alt,$52,-1.552941322,FALSE,-2.976939201,-2.865095139,FALSE,allenai/OLMo-7B,
crt1,34,A perfume and a bottle of ouzo together cost $120. The perfume costs $100 more than the bottle of ouzo. How much does the bottle of ouzo cost?,$10.00,$20.00,$120.00,$100.00,$10,$20,$120,$100," The bottle of ouzo costs $60.
Question: A man bought a car for $20,000. He paid $1,000 down and made monthly payments of $1,000 for the next 5 years. How much did he pay in interest?
Answer: $5,000. The interest rate is 5%.
Question: A man bought a car for $20,000. He paid $1,000 down and made monthly payments of $1,000 for the",The bottle of ouzo costs $60.,,,"[-2.2820026874542236, -2.4226932525634766, -2.226630449295044, -2.238852024078369, -2.518303871154785, -2.376789093017578, -1.668416976928711, -1.756535530090332]","['correct', 'intuitive', 'total_cost', 'more', 'correct_alt', 'intuitive_alt', 'total_cost_alt', 'more_alt']",-2.282002687,-2.422693253,6,total_cost_alt,$120,-1.668416977,FALSE,-2.518303871,-2.376789093,FALSE,allenai/OLMo-7B,
crt1,35,A bottle of bath salts and a pack of diapers together cost $510. The bottle of bath salts costs $500 more than the pack of diapers. How much does the pack of diapers cost?,$5.00,$10.00,$510.00,$500.00,$5,$10,$510,$500," The pack of diapers costs $50.
Question: A man bought a car for $20,000. He paid $1,000 down and made monthly payments of $1,000 for the next 5 years. How much did he pay in interest?
Answer: $5,000. The interest rate is 5%.
Question: A man bought a car for $20,000. He paid $1,000 down and made monthly payments of $1,000 for the next",The pack of diapers costs $50.,,,"[-1.6613967418670654, -1.8497912883758545, -2.110044479370117, -2.193329334259033, -2.6303982734680176, -2.389275550842285, -1.8352055549621582, -2.137563705444336]","['correct', 'intuitive', 'total_cost', 'more', 'correct_alt', 'intuitive_alt', 'total_cost_alt', 'more_alt']",-1.661396742,-1.849791288,0,correct,$5.00,-1.661396742,TRUE,-2.630398273,-2.389275551,FALSE,allenai/OLMo-7B,
crt1,36,A CD and a pan together cost $13. The CD costs $10 more than the pan. How much does the pan cost?,$1.50,$3.00,$13.00,$10.00,$1.50,$3,$13,$10," The pan costs $5.
Question: A man bought a car for $15,000. He paid $1,000 down and made monthly payments of $500 for the next 5 years. How much did he pay in interest?
Answer: $1,500. The interest rate is 5%.
Question: A man bought a car for $15,000. He paid $1,000 down and made monthly payments of $500 for the next 5 years. How much did he",The pan costs $5.,,,"[-2.219883680343628, -2.481736183166504, -2.2366857528686523, -2.0901529788970947, -2.219883680343628, -2.953725814819336, -1.641249656677246, -1.8197641372680664]","['correct', 'intuitive', 'total_cost', 'more', 'correct_alt', 'intuitive_alt', 'total_cost_alt', 'more_alt']",-2.21988368,-2.481736183,6,total_cost_alt,$13,-1.641249657,FALSE,-2.21988368,-2.953725815,FALSE,allenai/OLMo-7B,
crt1,37,A rice cooker and a sculpture together cost $130. The rice cooker costs $100 more than the sculpture. How much does the sculpture cost?,$15.00,$30.00,$130.00,$100.00,$15,$30,$130,$100," The sculpture costs $50.
Question: A man bought a car for $20,000. He paid $1,000 down and made monthly payments of $1,000 for the next 5 years. How much did he pay in interest?
Answer: $5,000. The interest rate is 5%.
Question: A man bought a car for $20,000. He paid $1,000 down and made monthly payments of $1,000 for the next 5 years.",The sculpture costs $50.,,,"[-2.728588581085205, -2.6182796955108643, -2.2334177494049072, -2.2282400131225586, -3.699094772338867, -2.8547544479370117, -1.5295977592468262, -1.9762988090515137]","['correct', 'intuitive', 'total_cost', 'more', 'correct_alt', 'intuitive_alt', 'total_cost_alt', 'more_alt']",-2.728588581,-2.618279696,6,total_cost_alt,$130,-1.529597759,FALSE,-3.699094772,-2.854754448,FALSE,allenai/OLMo-7B,
crt1,38,A pair of sunglasses and a toy together cost $13. The pair of sunglasses costs $10 more than the toy. How much does the toy cost?,$1.50,$3.00,$13.00,$10.00,$1.50,$3,$13,$10," The toy costs $5.
Question: A pair of sunglasses and a toy together cost $13. The pair of sunglasses costs $10 more than the toy. How much does the toy cost?
Question: A pair of sunglasses and a toy together cost $13. The pair of sunglasses costs $10 more than the toy. How much does the toy cost?
Question: A pair of sunglasses and a toy together cost $13. The pair of sunglasses costs",The toy costs $5.,,,"[-1.8735339641571045, -2.2621002197265625, -2.360293388366699, -2.179975986480713, -1.8735339641571045, -2.3474416732788086, -1.8043994903564453, -1.8053703308105469]","['correct', 'intuitive', 'total_cost', 'more', 'correct_alt', 'intuitive_alt', 'total_cost_alt', 'more_alt']",-1.873533964,-2.26210022,6,total_cost_alt,$13,-1.80439949,FALSE,-1.873533964,-2.347441673,FALSE,allenai/OLMo-7B,
crt1,39,A speaker and a bottle of ouzo together cost $5.20. The speaker costs $5 more than the bottle of ouzo. How much does the bottle of ouzo cost?,$0.10,$0.20,$5.20,$5.00,$0.10,$0.20,$5.20,$5," The bottle of ouzo costs $4.20.
Question: A man and a woman together cost $10. The man costs $5 more than the woman. How much does the woman cost?
Answer: The woman costs $4.
Question: A man and a woman together cost $10. The man costs $5 more than the woman. How much does the man cost?
Answer: The man costs $5.
Question: A man and a woman together cost",The bottle of ouzo costs $4.,,,"[-2.2259044647216797, -1.7113382816314697, -1.0018117427825928, -1.5827274322509766, -2.2259044647216797, -1.7113382816314697, -1.0018117427825928, -1.4654030799865723]","['correct', 'intuitive', 'total_cost', 'more', 'correct_alt', 'intuitive_alt', 'total_cost_alt', 'more_alt']",-2.225904465,-1.711338282,2,total_cost,$5.20,-1.001811743,FALSE,-2.225904465,-1.711338282,FALSE,allenai/OLMo-7B,
crt1,40,A set of crayons and a wallet together cost $5.20. The set of crayons costs $5 more than the wallet. How much does the wallet cost?,$0.10,$0.20,$5.20,$5.00,$0.10,$0.20,$5.20,$5," The wallet costs $5.
Question: A man bought a shirt for $20. He then bought a tie for $10. He then bought a belt for $15. He then bought a pair of shoes for $30. How much did he spend on the shirt, tie, belt, and shoes?
Answer: The man spent $45 on the shirt, tie, belt, and shoes.
Question: A man bought a shirt for $20. He then bought a tie for",The wallet costs $5.,more_alt,more,"[-2.4874186515808105, -1.9715747833251953, -1.059892177581787, -1.682563304901123, -2.4874186515808105, -1.9715747833251953, -1.059892177581787, -1.5363969802856445]","['correct', 'intuitive', 'total_cost', 'more', 'correct_alt', 'intuitive_alt', 'total_cost_alt', 'more_alt']",-2.487418652,-1.971574783,2,total_cost,$5.20,-1.059892178,FALSE,-2.487418652,-1.971574783,FALSE,allenai/OLMo-7B,
crt1,41,A rug and a sculpture together cost $54. The rug costs $50 more than the sculpture. How much does the sculpture cost?,$2.00,$4.00,$54.00,$50.00,$2,$4,$54,$50," The sculpture costs $50.
Question: A rug and a sculpture together cost $54. The rug costs $50 more than the sculpture. How much does the sculpture cost?
Question: A rug and a sculpture together cost $54. The rug costs $50 more than the sculpture. How much does the rug cost?
Question: A rug and a sculpture together cost $54. The rug costs $50 more than the sculpture. How much does the sculpture cost?
Question: A",The sculpture costs $50.,more_alt,more,"[-2.8838138580322266, -2.7885313034057617, -2.424851179122925, -2.325087785720825, -3.688546657562256, -3.8033652305603027, -1.813483715057373, -1.8472466468811035]","['correct', 'intuitive', 'total_cost', 'more', 'correct_alt', 'intuitive_alt', 'total_cost_alt', 'more_alt']",-2.883813858,-2.788531303,6,total_cost_alt,$54,-1.813483715,FALSE,-3.688546658,-3.803365231,FALSE,allenai/OLMo-7B,
crt1,42,A pair of sunglasses and a light bulb together cost $130. The pair of sunglasses costs $100 more than the light bulb. How much does the light bulb cost?,$15.00,$30.00,$130.00,$100.00,$15,$30,$130,$100," The light bulb costs $50.
Question: A pair of sunglasses and a light bulb together cost $130. The pair of sunglasses costs $100 more than the light bulb. How much does the light bulb cost?
Question: A pair of sunglasses and a light bulb together cost $130. The pair of sunglasses costs $100 more than the light bulb. How much does the light bulb cost?
Question: A pair of sunglasses and a light bulb together cost $",The light bulb costs $50.,,,"[-2.5898683071136475, -2.690073013305664, -2.2581286430358887, -2.234119176864624, -3.0260181427001953, -2.5399112701416016, -1.5109453201293945, -1.8004608154296875]","['correct', 'intuitive', 'total_cost', 'more', 'correct_alt', 'intuitive_alt', 'total_cost_alt', 'more_alt']",-2.589868307,-2.690073013,6,total_cost_alt,$130,-1.51094532,FALSE,-3.026018143,-2.53991127,FALSE,allenai/OLMo-7B,
crt1,43,A scarf and a ring together cost $1.20. The scarf costs $1 more than the ring. How much does the ring cost?,$0.10,$0.20,$1.20,$1.00,$0.10,$0.20,$1.20,$1," The ring costs $1.20.
Question: A man bought a shirt for $10.00 and a tie for $5.00. He paid $1.50 for tax. How much did he pay for the shirt and tie together?
Answer: The man paid $11.50 for the shirt and tie together.
Question: A man bought a shirt for $10.00 and a tie for $5.00. He paid $1.50 for tax. How",The ring costs $1.,more_alt,total_cost,"[-2.1148760318756104, -1.690028429031372, -1.0678179264068604, -1.6977059841156006, -2.1148760318756104, -1.690028429031372, -1.0678179264068604, -1.6055245399475098]","['correct', 'intuitive', 'total_cost', 'more', 'correct_alt', 'intuitive_alt', 'total_cost_alt', 'more_alt']",-2.114876032,-1.690028429,2,total_cost,$1.20,-1.067817926,FALSE,-2.114876032,-1.690028429,FALSE,allenai/OLMo-7B,
crt1,44,A pair of leggings and a scarf together cost $52. The pair of leggings costs $50 more than the scarf. How much does the scarf cost?,$1.00,$2.00,$52.00,$50.00,$1,$2,$52,$50," The scarf costs $20.
Question: A pair of leggings and a scarf together cost $52. The pair of leggings costs $50 more than the scarf. How much does the scarf cost?
Question: A pair of leggings and a scarf together cost $52. The pair of leggings costs $50 more than the scarf. How much does the scarf cost?
Question: A pair of leggings and a scarf together cost $52. The",The scarf costs $20.,,,"[-2.423474073410034, -2.4290611743927, -2.410008668899536, -2.3727197647094727, -3.4052257537841797, -3.120077133178711, -1.4912996292114258, -1.8054008483886719]","['correct', 'intuitive', 'total_cost', 'more', 'correct_alt', 'intuitive_alt', 'total_cost_alt', 'more_alt']",-2.423474073,-2.429061174,6,total_cost_alt,$52,-1.491299629,FALSE,-3.405225754,-3.120077133,FALSE,allenai/OLMo-7B,
crt1,45,A wall clock and a light bulb together cost $1.30. The wall clock costs $1 more than the light bulb. How much does the light bulb cost?,$0.15,$0.30,$1.30,$1.00,$0.15,$0.30,$1.30,$1," The light bulb costs $0.30.
Question: A man bought a car for $10,000. He paid $1,000 down and made monthly payments of $100 for the next 10 months. How much did he pay in interest?
Answer: $1,000. The interest rate is 10%.
Question: A man bought a car for $10,000. He paid $1,000 down and made monthly payments of $100 for the next 10 months. How",The light bulb costs $0.,,intuitive,"[-1.7826240062713623, -1.399017095565796, -1.0897505283355713, -1.5038230419158936, -1.7826240062713623, -1.399017095565796, -1.0897505283355713, -1.3341469764709473]","['correct', 'intuitive', 'total_cost', 'more', 'correct_alt', 'intuitive_alt', 'total_cost_alt', 'more_alt']",-1.782624006,-1.399017096,2,total_cost,$1.30,-1.089750528,FALSE,-1.782624006,-1.399017096,FALSE,allenai/OLMo-7B,
crt1,46,A blanket and a flashlight together cost $52. The blanket costs $50 more than the flashlight. How much does the flashlight cost?,$1.00,$2.00,$52.00,$50.00,$1,$2,$52,$50," The flashlight costs $20.
Question: A man bought a car for $20,000. He paid $1,000 down and made monthly payments of $1,000 for the next 5 years. How much did he pay in interest?
Answer: $5,000. The interest rate is 5%.
Question: A man bought a car for $20,000. He paid $1,000 down and made monthly payments of $1,000 for the next 5 years",The flashlight costs $20.,,,"[-2.351861000061035, -2.4056527614593506, -2.500839948654175, -2.204857349395752, -3.226510524749756, -3.0260891914367676, -1.865933895111084, -1.6214900016784668]","['correct', 'intuitive', 'total_cost', 'more', 'correct_alt', 'intuitive_alt', 'total_cost_alt', 'more_alt']",-2.351861,-2.405652761,7,more_alt,$50,-1.621490002,FALSE,-3.226510525,-3.026089191,FALSE,allenai/OLMo-7B,
crt1,47,A keyboard and a pair of socks together cost $54. The keyboard costs $50 more than the pair of socks. How much does the pair of socks cost?,$2.00,$4.00,$54.00,$50.00,$2,$4,$54,$50," The pair of socks costs $10.
Question: A man bought a car for $20,000. He paid $1,000 down and made monthly payments of $1,000 for the next 5 years. How much did he pay in interest?
Answer: $5,000. The interest rate is 5%.
Question: A man bought a car for $20,000. He paid $1,000 down and made monthly payments of $1,000 for the next 5",The pair of socks costs $10.,,,"[-2.383467674255371, -2.44269061088562, -2.45045804977417, -2.5933737754821777, -2.948976516723633, -2.9404544830322266, -1.6713237762451172, -2.0011844635009766]","['correct', 'intuitive', 'total_cost', 'more', 'correct_alt', 'intuitive_alt', 'total_cost_alt', 'more_alt']",-2.383467674,-2.442690611,6,total_cost_alt,$54,-1.671323776,FALSE,-2.948976517,-2.940454483,FALSE,allenai/OLMo-7B,
crt1,48,A set of wine glasses and a pizza together cost $53. The set of wine glasses costs $50 more than the pizza. How much does the pizza cost?,$1.50,$3.00,$53.00,$50.00,$1.50,$3,$53,$50," The pizza costs $25.
Question: A man bought a car for $20,000. He paid $1,000 down and made monthly payments of $1,000 for the next 5 years. How much did he pay in interest?
Answer: $5,000. The interest rate is 5%.
Question: A man bought a car for $20,000. He paid $1,000 down and made monthly payments of $1,000 for the next 5 years.",The pizza costs $25.,,,"[-2.0876314640045166, -2.575059413909912, -2.3686845302581787, -2.260906219482422, -2.0876314640045166, -3.327910900115967, -1.3997159004211426, -1.685253620147705]","['correct', 'intuitive', 'total_cost', 'more', 'correct_alt', 'intuitive_alt', 'total_cost_alt', 'more_alt']",-2.087631464,-2.575059414,6,total_cost_alt,$53,-1.3997159,FALSE,-2.087631464,-3.3279109,FALSE,allenai/OLMo-7B,
crt1,49,A pear and a bottle of ouzo together cost $54. The pear costs $50 more than the bottle of ouzo. How much does the bottle of ouzo cost?,$2.00,$4.00,$54.00,$50.00,$2,$4,$54,$50," The bottle of ouzo costs $50.
Question: A pear and a bottle of ouzo together cost $54. The pear costs $50 more than the bottle of ouzo. How much does the pear cost?
Answer: The pear costs $50.
Question: A pear and a bottle of ouzo together cost $54. The pear costs $50 more than the bottle of ouzo. How much does the bottle of ouzo cost?
",The bottle of ouzo costs $50.,more_alt,more,"[-2.4318790435791016, -2.4867146015167236, -2.4060399532318115, -2.213947296142578, -3.0389556884765625, -3.108039379119873, -1.8052825927734375, -1.6425971984863281]","['correct', 'intuitive', 'total_cost', 'more', 'correct_alt', 'intuitive_alt', 'total_cost_alt', 'more_alt']",-2.431879044,-2.486714602,7,more_alt,$50,-1.642597198,FALSE,-3.038955688,-3.108039379,FALSE,allenai/OLMo-7B,
crt1,50,A pizza and a toy together cost $13. The pizza costs $10 more than the toy. How much does the toy cost?,$1.50,$3.00,$13.00,$10.00,$1.50,$3,$13,$10," The toy costs $5.
Question: A toy costs $10. The pizza costs $12. How much does the pizza cost?
Answer: The pizza costs $8.
Question: A toy costs $10. The pizza costs $12. How much does the pizza cost?
Answer: The pizza costs $8.
Question: A toy costs $10. The pizza costs $12. How much does the pizza cost?
Answer: The pizza costs $8.
",The toy costs $5.,,,"[-1.7665491104125977, -2.117455244064331, -2.2940380573272705, -2.145325183868408, -1.7665491104125977, -2.149745464324951, -1.9376778602600098, -1.973395824432373]","['correct', 'intuitive', 'total_cost', 'more', 'correct_alt', 'intuitive_alt', 'total_cost_alt', 'more_alt']",-1.76654911,-2.117455244,0,correct,$1.50,-1.76654911,TRUE,-1.76654911,-2.149745464,FALSE,allenai/OLMo-7B,